{"cameraMode":{"drawMode":0,"name":"Shaded","section":"Shading Mode"},"sceneLighting":false,"audioPlay":false,"sceneViewState":{"m_AlwaysRefresh":false,"showFog":true,"showSkybox":false,"showFlares":true,"showImageEffects":true,"showParticleSystems":true,"showVisualEffectGraphs":true,"m_FxEnabled":true},"in2DMode":false,"pivot":{"x":0.21900004148483277,"y":2.6587862968444826,"z":0.017847895622253419},"rotation":{"x":0.16090062260627747,"y":-0.546631932258606,"z":0.1079651266336441,"w":0.8146460652351379},"size":3.257230281829834,"orthographic":false}