{"cameraMode":{"drawMode":0,"name":"Shaded","section":"Shading Mode"},"sceneLighting":false,"audioPlay":false,"sceneViewState":{"m_AlwaysRefresh":false,"showFog":true,"showSkybox":false,"showFlares":true,"showImageEffects":true,"showParticleSystems":true,"showVisualEffectGraphs":true,"m_FxEnabled":true},"in2DMode":false,"pivot":{"x":87.91561889648438,"y":7.293155193328857,"z":-2.175933837890625},"rotation":{"x":0.010364372283220292,"y":0.15742294490337373,"z":0.0016806034836918116,"w":-0.9874998927116394},"size":8.976089477539063,"orthographic":false}