{"cameraMode":{"drawMode":0,"name":"Shaded","section":"Shading Mode"},"sceneLighting":false,"audioPlay":false,"sceneViewState":{"m_AlwaysRefresh":false,"showFog":true,"showSkybox":false,"showFlares":true,"showImageEffects":true,"showParticleSystems":true,"showVisualEffectGraphs":true,"m_FxEnabled":true},"in2DMode":false,"pivot":{"x":43.393890380859378,"y":4.001791954040527,"z":7.115440368652344},"rotation":{"x":-0.02399398572742939,"y":-0.0174125824123621,"z":0.0004439153417479247,"w":-0.9995871782302856},"size":60.62177658081055,"orthographic":false}